<?xml version="1.0" encoding="UTF-8"?>
<extension type="module" version="3.0" client="site" method="upgrade">
	<name>XMovie JScroller</name>
	<author>Dana Harris</author>
	<authorEmail>optikool@yahoo.com</authorEmail>
	<authorUrl>http://www.eyenetdesigns.com</authorUrl>
	<creationDate>12-27-2014</creationDate>
	<copyright>Copyright (C) 2012 Optikool.com. All rights reserved.</copyright>
	<license>http://www.gnu.org/licenses/gpl-2.0.html GNU/GPL</license>	
	<version>1.0.0</version>
	<description>XMovie Scroller displays movies using Flow Player.</description>
	
	<files>	
		<filename module="mod_xmovie_jscroller">mod_xmovie_jscroller.php</filename>	
		<filename>helper.php</filename>		
		<filename>index.html</filename>		
		<filename>mod_xmovie_jscroller.xml</filename>
		<folder>css</folder>
		<folder>images</folder>
		<folder>languages</folder>
		<folder>models</folder>
		<folder>tmpl</folder>
	</files>
	<languages>
		<language tag="en-GB">languages/en-GB.mod_xmovie_jscroller.ini</language>
		<language tag="en-GB">languages/en-GB.mod_xmovie_jscroller.sys.ini</language>
	</languages>
	
	<config>
		<fields name="params">
			<fieldset name="basic">
			    <field 
			        name="category_id" 
			        type="category" 
			        multiple="multiple"
			        extension="com_xmovie" 
			        default="" 
			        label="MOD_XMOVIE_JSCROLLER_CATEGORY_ID" 
			        description="MOD_XMOVIE_JSCROLLER_CATEGORY_ID_DESC"
			        required="required" />
			    <field name="scroller_id" type="text" default="myCarouselMovie" label="MOD_XMOVIE_JSCROLLER_SCROLLER_ID" description="MOD_XMOVIE_JSCROLLER_SCROLLER_ID_DESC" />				
				<field name="number_movie" type="text" default="15" label="MOD_XMOVIE_JSCROLLER_NUMBER_OF_MOVIES" description="MOD_XMOVIE_JSCROLLER_NUMBER_OF_MOVIES_DESC" />
				<field name="scroll_sort_method" type="radio" default="random" label="MOD_XMOVIE_JSCROLLER_DISPLAY_ORDER" description="MOD_XMOVIE_JSCROLLER_DISPLAY_ORDER_DESC">
					<option value="newest">MOD_XMOVIE_JSCROLLER_NEWEST</option>
					<option value="oldest">MOD_XMOVIE_JSCROLLER_OLDEST</option>
					<option value="random">MOD_XMOVIE_JSCROLLER_RAND</option>
					<option value="popular">MOD_XMOVIE_JSCROLLER_POPULAR</option>
				</field>
				
				<field name="spacer1" type="spacer" hr="true" />
				
				<field name="show_movie_name" class="btn-group" type="radio" default="1" label="MOD_XMOVIE_JSCROLLER_SHOW_TITLE" description="MOD_XMOVIE_JSCROLLER_SHOW_TITLE_DESC">
					<option value="1">JYES</option>
					<option value="0">JNO</option>
				</field>
				<field name="show_date" class="btn-group" type="radio" default="1" label="MOD_XMOVIE_JSCROLLER_SHOW_DATE" description="MOD_XMOVIE_JSCROLLER_SHOW_DATE_DESC">
					<option value="1">JYES</option>
					<option value="0">JNO</option>
				</field>
				<field name="show_hits" class="btn-group" type="radio" default="1" label="MOD_XMOVIE_JSCROLLER_SHOW_HITS"
					description="MOD_XMOVIE_JSCROLLER_SHOW_HITS_DESC">
					<option value="1">JYES</option>
					<option value="0">JNO</option>
				</field>
				<field name="show_category" class="btn-group" type="radio" default="1" label="MOD_XMOVIE_JSCROLLER_SHOW_CATEGORY" description="MOD_XMOVIE_JSCROLLER_SHOW_CATEGORY_DESC">
					<option value="1">JYES</option>
					<option value="0">JNO</option>
				</field>
				<field name="show_submitter" class="btn-group" type="radio" default="1" label="MOD_XMOVIE_JSCROLLER_SHOW_SUBMITTER" description="MOD_XMOVIE_JSCROLLER_SHOW_SUBMITTER_DESC">
					<option value="1">JYES</option>
					<option value="0">JNO</option>
				</field>
				<field name="show_quicktake" class="btn-group" type="radio" default="1" label="MOD_XMOVIE_JSCROLLER_SHOW_QUICKTAKE" description="MOD_XMOVIE_JSCROLLER_SHOW_QUICKTAKE_DESC">
					<option value="1">JYES</option>
					<option value="0">JNO</option>
				</field>
				<field name="show_tags" class="btn-group" type="radio" default="0" label="MOD_XMOVIE_JSCROLLER_SHOW_TAGS" description="MOD_XMOVIE_JSCROLLER_SHOW_TAGS_DESC">
					<option value="1">JYES</option>
					<option value="0">JNO</option>
				</field>
				<field name="load_css" class="btn-group" type="radio" default="0" label="MOD_XMOVIE_JSCROLLER_LOAD_CSS" description="MOD_XMOVIE_JSCROLLER_LOAD_CSS_DESC">
					<option value="1">JYES</option>
					<option value="0">JNO</option>
				</field>
			</fieldset>
			<fieldset name="advanced">
			    <field
					name="layout"
					type="modulelayout"
					label="JFIELD_ALT_LAYOUT_LABEL"
					description="JFIELD_ALT_MODULE_LAYOUT_DESC" />	
				<field 
				    name="moduleclass_sfx" 
				    type="text" 
				    size="30" 
				    default="" 
				    label="MOD_MODULE_CLASS_SUFFIX" 
				    description="MOD_MODULE_CLASS_SUFFIX_DESC" />
				<field
					name="cache"
					type="list"
					default="1"
					label="COM_MODULES_FIELD_CACHING_LABEL"
					description="COM_MODULES_FIELD_CACHING_DESC">
					<option
						value="1">JGLOBAL_USE_GLOBAL</option>
					<option
						value="0">COM_MODULES_FIELD_VALUE_NOCACHING</option>
				</field>
				<field
					name="cache_time"
					type="text"
					default="900"
					label="COM_MODULES_FIELD_CACHE_TIME_LABEL"
					description="COM_MODULES_FIELD_CACHE_TIME_DESC" />
				<field
					name="cachemode"
					type="hidden"
					default="itemid">
					<option
						value="itemid"></option>
				</field>
			</fieldset>
		</fields>
	</config>
</extension>